authority_identifier,authority_name,county
aastad_twp_mn,Aastad,Otter Tail
acoma_twp_mn,Acoma,McLeod
acton_twp_mn,Acton,Meeker
adams_twp_mn,Adams,Mower
adrian_twp_mn,Adrian,Watonwan
aetna_twp_mn,Aetna,Pipestone
agassiz_twp_mn,Agassiz,Lac qui Parle
agder_twp_mn,Agder,Marshall
agram_twp_mn,Agram,Morrison
aitkin_twp_mn,Aitkin,Aitkin
akeley_twp_mn,Akeley,Hubbard
akron/big-stone_twp_mn,Akron,Big Stone
akron/wilkin_twp_mn,Akron,Wilkin
alango_twp_mn,Alango,St. Louis
alaska_twp_mn,Alaska,Beltrami
alba_twp_mn,Alba,Jackson
albany_twp_mn,Albany,Stearns
albert-lea_twp_mn,Albert Lea,Freeborn
alberta_twp_mn,Alberta,Benton
albin_twp_mn,Albin,Brown
albion_twp_mn,Albion,Wright
alborn_twp_mn,Alborn,St. Louis
alden/freeborn_twp_mn,Alden,Freeborn
alden/st-louis_twp_mn,Alden,St. Louis
aldrich_twp_mn,Aldrich,Wadena
alexandria_twp_mn,Alexandria,Douglas
alfsborg_twp_mn,Alfsborg,Sibley
alliance_twp_mn,Alliance,Clay
alma_twp_mn,Alma,Marshall
almond_twp_mn,Almond,Big Stone
alta-vista_twp_mn,Alta Vista,Lincoln
alton_twp_mn,Alton,Waseca
altona_twp_mn,Altona,Pipestone
alvwood_twp_mn,Alvwood,Itasca
amador_twp_mn,Amador,Chisago
amboy_twp_mn,Amboy,Cottonwood
amherst_twp_mn,Amherst,Fillmore
amiret_twp_mn,Amiret,Lyon
amo_twp_mn,Amo,Cottonwood
amor_twp_mn,Amor,Otter Tail
andover_twp_mn,Andover,Polk
andrea_twp_mn,Andrea,Wilkin
angora_twp_mn,Angora,St. Louis
angus_twp_mn,Angus,Polk
ann_twp_mn,Ann,Cottonwood
ann-lake_twp_mn,Ann Lake,Kanabec
ansel_twp_mn,Ansel,Cass
anthony_twp_mn,Anthony,Norman
antrim_twp_mn,Antrim,Watonwan
appleton_twp_mn,Appleton,Swift
arago_twp_mn,Arago,Hubbard
arbo_twp_mn,Arbo,Itasca
arctander_twp_mn,Arctander,Kandiyohi
ardenhurst_twp_mn,Ardenhurst,Itasca
arena_twp_mn,Arena,Lac qui Parle
arendahl_twp_mn,Arendahl,Fillmore
arlington_twp_mn,Arlington,Sibley
arlone_twp_mn,Arlone,Pine
arna_twp_mn,Arna,Pine
arrowhead_twp_mn,Arrowhead,St. Louis
arthur/kanabec_twp_mn,Arthur,Kanabec
arthur/traverse_twp_mn,Arthur,Traverse
artichoke_twp_mn,Artichoke,Big Stone
arveson_twp_mn,Arveson,Kittson
ash-lake_twp_mn,Ash Lake,Lincoln
ashland_twp_mn,Ashland,Dodge
ashley_twp_mn,Ashley,Stearns
athens_twp_mn,Athens,Isanti
atherton_twp_mn,Atherton,Wilkin
atkinson_twp_mn,Atkinson,Carlton
atlanta_twp_mn,Atlanta,Becker
audubon_twp_mn,Audubon,Becker
augsburg_twp_mn,Augsburg,Marshall
augusta_twp_mn,Augusta,Lac qui Parle
ault_twp_mn,Ault,St. Louis
aurdal_twp_mn,Aurdal,Otter Tail
aurora_twp_mn,Aurora,Steele
austin_twp_mn,Austin,Mower
automba_twp_mn,Automba,Carlton
avon_twp_mn,Avon,Stearns
badger_twp_mn,Badger,Polk
badoura_twp_mn,Badoura,Hubbard
baker_twp_mn,Baker,Stevens
baldwin_twp_mn,Baldwin,Sherburne
balkan_twp_mn,Balkan,St. Louis
ball-bluff_twp_mn,Ball Bluff,Aitkin
balsam/aitkin_twp_mn,Balsam,Aitkin
balsam/itasca_twp_mn,Balsam,Itasca
bandon_twp_mn,Bandon,Renville
bangor_twp_mn,Bangor,Pope
bankcroft_twp_mn,Bankcroft,Freeborn
barber_twp_mn,Barber,Faribault
barclay_twp_mn,Barclay,Cass
barnesville_twp_mn,Barnesville,Clay
barnett_twp_mn,Barnett,Roseau
barnum_twp_mn,Barnum,Carlton
barry_twp_mn,Barry,Pine
barsness_twp_mn,Barsness,Pope
bartlett_twp_mn,Bartlett,Todd
barto_twp_mn,Barto,Roseau
bashaw_twp_mn,Bashaw,Brown
bassett_twp_mn,Bassett,St. Louis
bath_twp_mn,Bath,Freeborn
battle_twp_mn,Battle,Beltrami
battle-plain_twp_mn,Battle Plain,Rock
baxter_twp_mn,Baxter,Lac qui Parle
bay-lake_twp_mn,Bay Lake,Crow Wing
baytown_twp_mn,Baytown,Washington
bear-creek_twp_mn,Bear Creek,Clearwater
bear-park_twp_mn,Bear Park,Norman
bearville_twp_mn,Bearville,Itasca
beatty_twp_mn,Beatty,St. Louis
beauford_twp_mn,Beauford,Blue Earth
beaulieu_twp_mn,Beaulieu,Mahnomen
beaver/aitkin_twp_mn,Beaver,Aitkin
beaver/fillmore_twp_mn,Beaver,Fillmore
beaver/roseau_twp_mn,Beaver,Roseau
beaver-bay_twp_mn,Beaver Bay,Lake
beaver-creek_twp_mn,Beaver Creek,Rock
beaver-falls_twp_mn,Beaver Falls,Renville
becker/cass_twp_mn,Becker,Cass
becker/sherburne_twp_mn,Becker,Sherburne
bejou_twp_mn,Bejou,Mahnomen
belfast_twp_mn,Belfast,Murray
belgium_twp_mn,Belgium,Polk
belgrade_twp_mn,Belgrade,Nicollet
belle-creek_twp_mn,Belle Creek,Goodhue
belle-plaine_twp_mn,Belle Plaine,Scott
belle-prairie_twp_mn,Belle Prairie,Morrison
belle-river_twp_mn,Belle River,Douglas
bellevue_twp_mn,Bellevue,Morrison
belmont_twp_mn,Belmont,Jackson
belvidere_twp_mn,Belvidere,Goodhue
bemidji_twp_mn,Bemidji,Beltrami
ben-wade_twp_mn,Ben Wade,Pope
bennington_twp_mn,Bennington,Mower
benson_twp_mn,Benson,Swift
benton_twp_mn,Benton,Carver
benville_twp_mn,Benville,Beltrami
bergen_twp_mn,Bergen,McLeod
berlin_twp_mn,Berlin,Steele
bernadotte_twp_mn,Bernadotte,Nicollet
bertha_twp_mn,Bertha,Todd
beseman_twp_mn,Beseman,Carlton
beulah_twp_mn,Beulah,Cass
big-bend_twp_mn,Big Bend,Chippewa
big-lake_twp_mn,Big Lake,Sherburne
big-stone_twp_mn,Big Stone,Big Stone
big-woods_twp_mn,Big Woods,Marshall
bigelow_twp_mn,Bigelow,Nobles
bigfork_twp_mn,Bigfork,Itasca
birch_twp_mn,Birch,Beltrami
birch-cooley_twp_mn,Birch Cooley,Renville
birch-creek_twp_mn,Birch Creek,Pine
birch-lake_twp_mn,Birch Lake,Cass
birchdale_twp_mn,Birchdale,Todd
bird-island_twp_mn,Bird Island,Renville
bismarck_twp_mn,Bismarck,Sibley
biwabik_twp_mn,Biwabik,St. Louis
black-hammer_twp_mn,Black Hammer,Houston
black-river_twp_mn,Black River,Pennington
blackberry_twp_mn,Blackberry,Itasca
blackhoof_twp_mn,Blackhoof,Carlton
blakeley_twp_mn,Blakeley,Scott
blind-lake_twp_mn,Blind Lake,Cass
bloom_twp_mn,Bloom,Nobles
bloomer_twp_mn,Bloomer,Marshall
bloomfield_twp_mn,Bloomfield,Fillmore
blooming-grove_twp_mn,Blooming Grove,Waseca
blooming-prairie_twp_mn,Blooming Prairie,Steele
blowers_twp_mn,Blowers,Otter Tail
blue-earth-city_twp_mn,Blue Earth City,Faribault
blue-hill_twp_mn,Blue Hill,Sherburne
blue-mounds_twp_mn,Blue Mounds,Pope
blueberry_twp_mn,Blueberry,Wadena
bluffton_twp_mn,Bluffton,Otter Tail
bogus-brook_twp_mn,Bogus Brook,Mille Lacs
bondin_twp_mn,Bondin,Murray
boon-lake_twp_mn,Boon Lake,Renville
borgholm_twp_mn,Borgholm,Mille Lacs
bowstring_twp_mn,Bowstring,Itasca
boxville_twp_mn,Boxville,Marshall
boy-lake_twp_mn,Boy Lake,Cass
boy-river_twp_mn,Boy River,Cass
bradbury_twp_mn,Bradbury,Mille Lacs
bradford/isanti_twp_mn,Bradford,Isanti
bradford/wilkin_twp_mn,Bradford,Wilkin
brandon_twp_mn,Brandon,Douglas
brandrup_twp_mn,Brandrup,Wilkin
brandsvold_twp_mn,Brandsvold,Polk
brandt_twp_mn,Brandt,Polk
bray_twp_mn,Bray,Pennington
breckenridge_twp_mn,Breckenridge,Wilkin
breitung_twp_mn,Breitung,St. Louis
bremen_twp_mn,Bremen,Pine
brevator_twp_mn,Brevator,St. Louis
bridgewater_twp_mn,Bridgewater,Rice
brighton_twp_mn,Brighton,Nicollet
brislet_twp_mn,Brislet,Polk
bristol_twp_mn,Bristol,Fillmore
brockway_twp_mn,Brockway,Stearns
brook-park_twp_mn,Brook Park,Pine
brookfield_twp_mn,Brookfield,Renville
brookville_twp_mn,Brookville,Redwood
browns-creek_twp_mn,Browns Creek,Red Lake
browns-valley_twp_mn,Browns Valley,Big Stone
brownsville_twp_mn,Brownsville,Houston
bruce_twp_mn,Bruce,Todd
bruno_twp_mn,Bruno,Pine
brunswick_twp_mn,Brunswick,Kanabec
brush-creek_twp_mn,Brush Creek,Faribault
buckman_twp_mn,Buckman,Morrison
buffalo_twp_mn,Buffalo,Wright
buh_twp_mn,Buh,Morrison
bull-moose_twp_mn,Bull Moose,Cass
bullard_twp_mn,Bullard,Wadena
bungo_twp_mn,Bungo,Cass
burbank_twp_mn,Burbank,Kandiyohi
burke_twp_mn,Burke,Pipestone
burleene_twp_mn,Burleene,Todd
burlington_twp_mn,Burlington,Becker
burnhamville_twp_mn,Burnhamville,Todd
burnstown_twp_mn,Burnstown,Brown
burton_twp_mn,Burton,Yellow Medicine
buse_twp_mn,Buse,Otter Tail
butler_twp_mn,Butler,Otter Tail
butterfield_twp_mn,Butterfield,Watonwan
butternut-valley_twp_mn,Butternut Valley,Blue Earth
buzzle_twp_mn,Buzzle,Beltrami
bygland_twp_mn,Bygland,Polk
byron/cass_twp_mn,Byron,Cass
byron/waseca_twp_mn,Byron,Waseca
cairo_twp_mn,Cairo,Renville
caledonia_twp_mn,Caledonia,Houston
callaway_twp_mn,Callaway,Becker
cambria_twp_mn,Cambria,Blue Earth
cambridge_twp_mn,Cambridge,Isanti
camden_twp_mn,Camden,Carver
cameron_twp_mn,Cameron,Murray
camp_twp_mn,Camp,Renville
camp-5_twp_mn,Camp 5,St. Louis
camp-lake_twp_mn,Camp Lake,Swift
camp-release_twp_mn,Camp Release,Lac qui Parle
campbell_twp_mn,Campbell,Wilkin
candor_twp_mn,Candor,Otter Tail
canisteo_twp_mn,Canisteo,Dodge
cannon_twp_mn,Cannon,Kittson
cannon-city_twp_mn,Cannon City,Rice
cannon-falls_twp_mn,Cannon Falls,Goodhue
canosia_twp_mn,Canosia,St. Louis
canton_twp_mn,Canton,Fillmore
caribou_twp_mn,Caribou,Kittson
carimona_twp_mn,Carimona,Fillmore
carlisle_twp_mn,Carlisle,Otter Tail
carlos_twp_mn,Carlos,Douglas
carlston_twp_mn,Carlston,Freeborn
carpenter_twp_mn,Carpenter,Itasca
carrolton_twp_mn,Carrolton,Fillmore
carson_twp_mn,Carson,Cottonwood
carsonville_twp_mn,Carsonville,Becker
cascade_twp_mn,Cascade,Olmsted
cashel_twp_mn,Cashel,Swift
castle-rock_twp_mn,Castle Rock,Dakota
cedar/marshall_twp_mn,Cedar,Marshall
cedar/martin_twp_mn,Cedar,Martin
cedar-lake_twp_mn,Cedar Lake,Scott
cedar-mills_twp_mn,Cedar Mills,Meeker
cedar-valley_twp_mn,Cedar Valley,St. Louis
cedarbend_twp_mn,Cedarbend,Roseau
center_twp_mn,Center,Crow Wing
center-creek_twp_mn,Center Creek,Martin
ceresco_twp_mn,Ceresco,Blue Earth
cerro-gordo_twp_mn,Cerro Gordo,Lac qui Parle
champion_twp_mn,Champion,Wilkin
chanarambie_twp_mn,Chanarambie,Murray
charlestown_twp_mn,Charlestown,Redwood
chatfield_twp_mn,Chatfield,Fillmore
chatham_twp_mn,Chatham,Wright
chengwatana_twp_mn,Chengwatana,Pine
cherry_twp_mn,Cherry,St. Louis
cherry-grove_twp_mn,Cherry Grove,Goodhue
chester/polk_twp_mn,Chester,Polk
chester/wabasha_twp_mn,Chester,Wabasha
chief_twp_mn,Chief,Mahnomen
chippewa-falls_twp_mn,Chippewa Falls,Pope
chisago-lake_twp_mn,Chisago Lake,Chisago
christiania_twp_mn,Christiania,Jackson
claremont_twp_mn,Claremont,Dodge
clark/aitkin_twp_mn,Clark,Aitkin
clark/faribault_twp_mn,Clark,Faribault
clay_twp_mn,Clay,Hubbard
clayton_twp_mn,Clayton,Mower
clear-lake_twp_mn,Clear Lake,Sherburne
clearwater_twp_mn,Clearwater,Wright
cleveland_twp_mn,Cleveland,Le Sueur
clifton/lyon_twp_mn,Clifton,Lyon
clifton/traverse_twp_mn,Clifton,Traverse
clinton/rock_twp_mn,Clinton,Rock
clinton/st-louis_twp_mn,Clinton,St. Louis
clinton-falls_twp_mn,Clinton Falls,Steele
clitherall_twp_mn,Clitherall,Otter Tail
clontarf_twp_mn,Clontarf,Swift
clover/clearwater_twp_mn,Clover,Clearwater
clover/hubbard_twp_mn,Clover,Hubbard
clover/mahnomen_twp_mn,Clover,Mahnomen
clover/pine_twp_mn,Clover,Pine
clover-leaf_twp_mn,Clover Leaf,Pennington
clow_twp_mn,Clow,Kittson
cokato_twp_mn,Cokato,Wright
colfax_twp_mn,Colfax,Kandiyohi
collegeville_twp_mn,Collegeville,Stearns
collins_twp_mn,Collins,McLeod
collinwood_twp_mn,Collinwood,Meeker
columbia_twp_mn,Columbia,Polk
colvin_twp_mn,Colvin,St. Louis
comfort_twp_mn,Comfort,Kanabec
como_twp_mn,Como,Marshall
compton_twp_mn,Compton,Otter Tail
comstock_twp_mn,Comstock,Marshall
concord_twp_mn,Concord,Dodge
connelly_twp_mn,Connelly,Wilkin
coon-creek_twp_mn,Coon Creek,Lyon
copley_twp_mn,Copley,Clearwater
cordova_twp_mn,Cordova,Le Sueur
corinna_twp_mn,Corinna,Wright
corliss_twp_mn,Corliss,Otter Tail
cormant_twp_mn,Cormant,Beltrami
cormorant_twp_mn,Cormorant,Becker
cornish/aitkin_twp_mn,Cornish,Aitkin
cornish/sibley_twp_mn,Cornish,Sibley
cosmos_twp_mn,Cosmos,Meeker
cotton_twp_mn,Cotton,St. Louis
cottonwood_twp_mn,Cottonwood,Brown
courtland_twp_mn,Courtland,Nicollet
crane-lake_twp_mn,Crane Lake,St. Louis
crate_twp_mn,Crate,Chippewa
credit-river_twp_mn,Credit River,Scott
croke_twp_mn,Croke,Traverse
cromwell_twp_mn,Cromwell,Clay
crooked-creek_twp_mn,Crooked Creek,Houston
crooked-lake_twp_mn,Crooked Lake,Cass
crooks_twp_mn,Crooks,Renville
crookston_twp_mn,Crookston,Polk
crosby_twp_mn,Crosby,Pine
crow-lake_twp_mn,Crow Lake,Stearns
crow-river_twp_mn,Crow River,Stearns
crow-wing_twp_mn,Crow Wing,Crow Wing
crow-wing-lake_twp_mn,Crow Wing Lake,Hubbard
crystal-bay_twp_mn,Crystal Bay,Lake
cuba_twp_mn,Cuba,Becker
culdrum_twp_mn,Culdrum,Morrison
culver_twp_mn,Culver,St. Louis
cushing_twp_mn,Cushing,Morrison
custer_twp_mn,Custer,Lyon
daggett-brook_twp_mn,Daggett Brook,Crow Wing
dahlgren_twp_mn,Dahlgren,Carver
dailey_twp_mn,Dailey,Mille Lacs
dalbo_twp_mn,Dalbo,Isanti
dale_twp_mn,Dale,Cottonwood
dane-prairie_twp_mn,Dane Prairie,Otter Tail
danforth_twp_mn,Danforth,Pine
danielson_twp_mn,Danielson,Meeker
danville_twp_mn,Danville,Blue Earth
darling_twp_mn,Darling,Morrison
darnen_twp_mn,Darnen,Stevens
darwin_twp_mn,Darwin,Meeker
dassel_twp_mn,Dassel,Meeker
davis_twp_mn,Davis,Kittson
dead-lake_twp_mn,Dead Lake,Otter Tail
decoria_twp_mn,Decoria,Blue Earth
deer_twp_mn,Deer,Roseau
deer-creek_twp_mn,Deer Creek,Otter Tail
deer-park_twp_mn,Deer Park,Pennington
deer-river_twp_mn,Deer River,Itasca
deerfield/cass_twp_mn,Deerfield,Cass
deerfield/steele_twp_mn,Deerfield,Steele
deerhorn_twp_mn,Deerhorn,Wilkin
deerwood/crow-wing_twp_mn,Deerwood,Crow Wing
deerwood/kittson_twp_mn,Deerwood,Kittson
delafield_twp_mn,Delafield,Jackson
delavan_twp_mn,Delavan,Faribault
delaware_twp_mn,Delaware,Grant
delhi_twp_mn,Delhi,Redwood
dell-grove_twp_mn,Dell Grove,Pine
delton_twp_mn,Delton,Cottonwood
denmark_twp_mn,Denmark,Washington
denver_twp_mn,Denver,Rock
derrynane_twp_mn,Derrynane,Le Sueur
des-moines_twp_mn,Des Moines,Jackson
des-moines-river_twp_mn,Des Moines River,Murray
detroit_twp_mn,Detroit,Becker
dewald_twp_mn,Dewald,Nobles
dewey_twp_mn,Dewey,Roseau
dexter_twp_mn,Dexter,Mower
diamond-lake_twp_mn,Diamond Lake,Lincoln
dieter_twp_mn,Dieter,Roseau
dollymount_twp_mn,Dollymount,Traverse
donnelly/marshall_twp_mn,Donnelly,Marshall
donnelly/stevens_twp_mn,Donnelly,Stevens
dora_twp_mn,Dora,Otter Tail
douglas_twp_mn,Douglas,Dakota
dover_twp_mn,Dover,Olmsted
dovray_twp_mn,Dovray,Murray
dovre_twp_mn,Dovre,Kandiyohi
drammen_twp_mn,Drammen,Lincoln
dresbach_twp_mn,Dresbach,Winona
dryden_twp_mn,Dryden,Sibley
dublin_twp_mn,Dublin,Swift
dudley_twp_mn,Dudley,Clearwater
duluth_twp_mn,Duluth,St. Louis
dunbar_twp_mn,Dunbar,Faribault
dunn_twp_mn,Dunn,Otter Tail
durand_twp_mn,Durand,Beltrami
eagle_twp_mn,Eagle,Carlton
eagle-lake_twp_mn,Eagle Lake,Otter Tail
eagle-point_twp_mn,Eagle Point,Marshall
eagle-valley_twp_mn,Eagle Valley,Todd
eagle-view_twp_mn,Eagle View,Becker
eagles-nest_twp_mn,Eagles Nest,St. Louis
east-chain_twp_mn,East Chain,Martin
east-lake-lillian_twp_mn,East Lake Lillian,Kandiyohi
east-park_twp_mn,East Park,Marshall
east-side_twp_mn,East Side,Mille Lacs
east-valley_twp_mn,East Valley,Marshall
eastern_twp_mn,Eastern,Otter Tail
echo_twp_mn,Echo,Yellow Medicine
eckles_twp_mn,Eckles,Beltrami
eckvoll_twp_mn,Eckvoll,Marshall
eddy_twp_mn,Eddy,Clearwater
eden/brown_twp_mn,Eden,Brown
eden/pipestone_twp_mn,Eden,Pipestone
eden/polk_twp_mn,Eden,Polk
eden-lake_twp_mn,Eden Lake,Stearns
edison_twp_mn,Edison,Swift
edna_twp_mn,Edna,Otter Tail
edwards_twp_mn,Edwards,Kandiyohi
effington_twp_mn,Effington,Otter Tail
eglon_twp_mn,Eglon,Clay
eidsvold_twp_mn,Eidsvold,Lyon
elba_twp_mn,Elba,Winona
elbow-lake_twp_mn,Elbow Lake,Grant
eldorado_twp_mn,Eldorado,Stevens
elgin_twp_mn,Elgin,Wabasha
elizabeth_twp_mn,Elizabeth,Otter Tail
elk_twp_mn,Elk,Nobles
elk-lake_twp_mn,Elk Lake,Grant
elkton_twp_mn,Elkton,Clay
ellington_twp_mn,Ellington,Dodge
ellsborough_twp_mn,Ellsborough,Murray
ellsburg_twp_mn,Ellsburg,St. Louis
ellsworth_twp_mn,Ellsworth,Meeker
elm-creek_twp_mn,Elm Creek,Martin
elmdale_twp_mn,Elmdale,Morrison
elmer/pipestone_twp_mn,Elmer,Pipestone
elmer/st-louis_twp_mn,Elmer,St. Louis
elmira_twp_mn,Elmira,Olmsted
elmo_twp_mn,Elmo,Otter Tail
elmore_twp_mn,Elmore,Faribault
elmwood_twp_mn,Elmwood,Clay
elysian_twp_mn,Elysian,Le Sueur
emardville_twp_mn,Emardville,Red Lake
embarrass_twp_mn,Embarrass,St. Louis
emerald_twp_mn,Emerald,Faribault
emmet_twp_mn,Emmet,Renville
empire_twp_mn,Empire,Dakota
enstrom_twp_mn,Enstrom,Roseau
enterprise_twp_mn,Enterprise,Jackson
equality_twp_mn,Equality,Red Lake
erdahl_twp_mn,Erdahl,Grant
erhards-grove_twp_mn,Erhards Grove,Otter Tail
ericson_twp_mn,Ericson,Renville
erie_twp_mn,Erie,Becker
erin_twp_mn,Erin,Rice
espelie_twp_mn,Espelie,Marshall
esther_twp_mn,Esther,Polk
euclid_twp_mn,Euclid,Polk
eureka_twp_mn,Eureka,Dakota
evansville_twp_mn,Evansville,Douglas
everglade_twp_mn,Everglade,Stevens
evergreen_twp_mn,Evergreen,Becker
everts_twp_mn,Everts,Otter Tail
ewington_twp_mn,Ewington,Jackson
excel_twp_mn,Excel,Marshall
eyota_twp_mn,Eyota,Olmsted
fahlun_twp_mn,Fahlun,Kandiyohi
fair-haven_twp_mn,Fair Haven,Stearns
fairbanks_twp_mn,Fairbanks,St. Louis
fairfax_twp_mn,Fairfax,Polk
fairfield/crow-wing_twp_mn,Fairfield,Crow Wing
fairfield/swift_twp_mn,Fairfield,Swift
fairmont_twp_mn,Fairmont,Martin
fairview/cass_twp_mn,Fairview,Cass
fairview/lyon_twp_mn,Fairview,Lyon
falk_twp_mn,Falk,Clearwater
fall-lake_twp_mn,Fall Lake,Lake
falun_twp_mn,Falun,Roseau
fanny_twp_mn,Fanny,Polk
farden_twp_mn,Farden,Hubbard
farley_twp_mn,Farley,Polk
farm-island_twp_mn,Farm Island,Aitkin
farming_twp_mn,Farming,Stearns
farmington_twp_mn,Farmington,Olmsted
fawn-lake_twp_mn,Fawn Lake,Todd
faxon_twp_mn,Faxon,Sibley
fayal_twp_mn,Fayal,St. Louis
featherstone_twp_mn,Featherstone,Goodhue
feeley_twp_mn,Feeley,Itasca
felton_twp_mn,Felton,Clay
fenton_twp_mn,Fenton,Murray
fergus-falls_twp_mn,Fergus Falls,Otter Tail
fern_twp_mn,Fern,Hubbard
field_twp_mn,Field,St. Louis
fieldon_twp_mn,Fieldon,Watonwan
fillmore_twp_mn,Fillmore,Fillmore
fine-lakes_twp_mn,Fine Lakes,St. Louis
finlayson_twp_mn,Finlayson,Pine
fish-lake_twp_mn,Fish Lake,Chisago
fisher_twp_mn,Fisher,Polk
fleming/aitkin_twp_mn,Fleming,Aitkin
fleming/pine_twp_mn,Fleming,Pine
flom_twp_mn,Flom,Norman
floodwood_twp_mn,Floodwood,St. Louis
flora_twp_mn,Flora,Renville
florence_twp_mn,Florence,Goodhue
florida_twp_mn,Florida,Yellow Medicine
flowing_twp_mn,Flowing,Clay
foldahl_twp_mn,Foldahl,Marshall
folden_twp_mn,Folden,Otter Tail
folsom_twp_mn,Folsom,Traverse
ford_twp_mn,Ford,Kanabec
forest/becker_twp_mn,Forest,Becker
forest/rice_twp_mn,Forest,Rice
forest-city_twp_mn,Forest City,Meeker
forest-prairie_twp_mn,Forest Prairie,Meeker
forestville_twp_mn,Forestville,Fillmore
fork_twp_mn,Fork,Marshall
fort-ripley_twp_mn,Fort Ripley,Crow Wing
fortier_twp_mn,Fortier,Yellow Medicine
fossum_twp_mn,Fossum,Norman
foster/big-stone_twp_mn,Foster,Big Stone
foster/faribault_twp_mn,Foster,Faribault
fountain_twp_mn,Fountain,Fillmore
fountain-prairie_twp_mn,Fountain Prairie,Pipestone
fox-lake_twp_mn,Fox Lake,Martin
foxhome_twp_mn,Foxhome,Wilkin
framnas_twp_mn,Framnas,Stevens
franconia_twp_mn,Franconia,Chisago
frankford_twp_mn,Frankford,Mower
franklin_twp_mn,Franklin,Wright
fraser_twp_mn,Fraser,Martin
fredenberg_twp_mn,Fredenberg,St. Louis
freeborn_twp_mn,Freeborn,Freeborn
freedom_twp_mn,Freedom,Waseca
freeland_twp_mn,Freeland,Lac qui Parle
freeman_twp_mn,Freeman,Freeborn
fremont_twp_mn,Fremont,Winona
french_twp_mn,French,St. Louis
french-lake_twp_mn,French Lake,Wright
friberg_twp_mn,Friberg,Otter Tail
friendship_twp_mn,Friendship,Yellow Medicine
frohn_twp_mn,Frohn,Beltrami
gail-lake_twp_mn,Gail Lake,Crow Wing
galena_twp_mn,Galena,Martin
gales_twp_mn,Gales,Redwood
garden_twp_mn,Garden,Polk
garden-city_twp_mn,Garden City,Blue Earth
garfield/lac-qui-parle_twp_mn,Garfield,Lac qui Parle
garfield/polk_twp_mn,Garfield,Polk
garnes_twp_mn,Garnes,Red Lake
garrison_twp_mn,Garrison,Crow Wing
geneva_twp_mn,Geneva,Freeborn
gennessee_twp_mn,Gennessee,Kandiyohi
gentilly_twp_mn,Gentilly,Polk
georgetown_twp_mn,Georgetown,Clay
germania_twp_mn,Germania,Todd
germantown_twp_mn,Germantown,Cottonwood
gervais_twp_mn,Gervais,Red Lake
getty_twp_mn,Getty,Stearns
gilchrist_twp_mn,Gilchrist,Pope
gillford_twp_mn,Gillford,Wabasha
gilmanton_twp_mn,Gilmanton,Benton
girard_twp_mn,Girard,Otter Tail
glasgow_twp_mn,Glasgow,Wabasha
glen_twp_mn,Glen,Aitkin
glencoe_twp_mn,Glencoe,McLeod
glendorado_twp_mn,Glendorado,Benton
glenwood_twp_mn,Glenwood,Pope
glyndon_twp_mn,Glyndon,Clay
gnesen_twp_mn,Gnesen,St. Louis
godfrey_twp_mn,Godfrey,Polk
golden-valley_twp_mn,Golden Valley,Roseau
good-hope/itasca_twp_mn,Good Hope,Itasca
good-hope/norman_twp_mn,Good Hope,Norman
goodhue_twp_mn,Goodhue,Goodhue
goodland_twp_mn,Goodland,Itasca
goodridge_twp_mn,Goodridge,Pennington
goose-prairie_twp_mn,Goose Prairie,Clay
gordon_twp_mn,Gordon,Todd
gorman_twp_mn,Gorman,Otter Tail
gorton_twp_mn,Gorton,Grant
gould_twp_mn,Gould,Cass
grace_twp_mn,Grace,Chippewa
graceville_twp_mn,Graceville,Big Stone
grafton_twp_mn,Grafton,Sibley
graham_twp_mn,Graham,Benton
graham-lakes_twp_mn,Graham Lakes,Nobles
granby_twp_mn,Granby,Nicollet
grand-forks_twp_mn,Grand Forks,Polk
grand-lake_twp_mn,Grand Lake,St. Louis
grand-meadow_twp_mn,Grand Meadow,Mower
grand-plain_twp_mn,Grand Plain,Marshall
grand-prairie_twp_mn,Grand Prairie,Nobles
grandview_twp_mn,Grandview,Lyon
grange_twp_mn,Grange,Pipestone
granite_twp_mn,Granite,Morrison
granite-falls_twp_mn,Granite Falls,Chippewa
granite-ledge_twp_mn,Granite Ledge,Benton
granite-rock_twp_mn,Granite Rock,Redwood
grant-valley_twp_mn,Grant Valley,Beltrami
granville_twp_mn,Granville,Kittson
grass-lake_twp_mn,Grass Lake,Kanabec
grattan_twp_mn,Grattan,Itasca
gray_twp_mn,Gray,Pipestone
great-bend_twp_mn,Great Bend,Cottonwood
great-scott_twp_mn,Great Scott,St. Louis
green-isle_twp_mn,Green Isle,Sibley
green-lake_twp_mn,Green Lake,Kandiyohi
green-meadow_twp_mn,Green Meadow,Norman
green-prairie_twp_mn,Green Prairie,Morrison
green-valley_twp_mn,Green Valley,Becker
greenbush_twp_mn,Greenbush,Mille Lacs
greenfield_twp_mn,Greenfield,Wabasha
greenleaf_twp_mn,Greenleaf,Meeker
greenvale_twp_mn,Greenvale,Dakota
greenway_twp_mn,Greenway,Itasca
greenwood/clearwater_twp_mn,Greenwood,Clearwater
greenwood/st-louis_twp_mn,Greenwood,St. Louis
gregory_twp_mn,Gregory,Mahnomen
grey-cloud-island_twp_mn,Grey Cloud Island,Washington
grey-eagle_twp_mn,Grey Eagle,Todd
grimstad_twp_mn,Grimstad,Roseau
grove_twp_mn,Grove,Stearns
grove-lake_twp_mn,Grove Lake,Pope
grove-park-tilden_twp_mn,Grove Park-Tilden,Polk
gully_twp_mn,Gully,Polk
guthrie_twp_mn,Guthrie,Hubbard
hagali_twp_mn,Hagali,Beltrami
hagen_twp_mn,Hagen,Clay
halden_twp_mn,Halden,St. Louis
hale_twp_mn,Hale,McLeod
hallock_twp_mn,Hallock,Kittson
halstad_twp_mn,Halstad,Norman
hamden_twp_mn,Hamden,Becker
hamlin_twp_mn,Hamlin,Lac qui Parle
hammer_twp_mn,Hammer,Yellow Medicine
hammond_twp_mn,Hammond,Polk
hampden_twp_mn,Hampden,Kittson
hampton_twp_mn,Hampton,Dakota
hamre_twp_mn,Hamre,Beltrami
hancock_twp_mn,Hancock,Carver
hangaard_twp_mn,Hangaard,Clearwater
hansonville_twp_mn,Hansonville,Lincoln
hantho_twp_mn,Hantho,Lac qui Parle
harmony_twp_mn,Harmony,Fillmore
harris_twp_mn,Harris,Itasca
harrison_twp_mn,Harrison,Kandiyohi
hart_twp_mn,Hart,Winona
hart-lake_twp_mn,Hart Lake,Hubbard
hartford_twp_mn,Hartford,Todd
hartland_twp_mn,Hartland,Freeborn
harvey_twp_mn,Harvey,Meeker
hassan-valley_twp_mn,Hassan Valley,McLeod
haugen_twp_mn,Haugen,Aitkin
havana_twp_mn,Havana,Steele
havelock_twp_mn,Havelock,Chippewa
haven_twp_mn,Haven,Sherburne
haverhill_twp_mn,Haverhill,Olmsted
hawk-creek_twp_mn,Hawk Creek,Renville
hawley_twp_mn,Hawley,Clay
hay-brook_twp_mn,Hay Brook,Kanabec
hay-creek_twp_mn,Hay Creek,Goodhue
hayes_twp_mn,Hayes,Swift
hayfield_twp_mn,Hayfield,Dodge
hayland_twp_mn,Hayland,Mille Lacs
hayward_twp_mn,Hayward,Freeborn
hazel-run_twp_mn,Hazel Run,Yellow Medicine
hazelton/aitkin_twp_mn,Hazelton,Aitkin
hazelton/kittson_twp_mn,Hazelton,Kittson
hector_twp_mn,Hector,Renville
hegbert_twp_mn,Hegbert,Swift
hegne_twp_mn,Hegne,Norman
heier_twp_mn,Heier,Mahnomen
height-of-land_twp_mn,Height of Land,Becker
helen_twp_mn,Helen,McLeod
helena_twp_mn,Helena,Scott
helga_twp_mn,Helga,Hubbard
helgeland_twp_mn,Helgeland,Polk
henderson_twp_mn,Henderson,Sibley
hendricks_twp_mn,Hendricks,Lincoln
hendrickson_twp_mn,Hendrickson,Hubbard
hendrum_twp_mn,Hendrum,Norman
henning_twp_mn,Henning,Otter Tail
henrietta_twp_mn,Henrietta,Hubbard
henryville_twp_mn,Henryville,Renville
hereim_twp_mn,Hereim,Roseau
heron-lake_twp_mn,Heron Lake,Jackson
hersey_twp_mn,Hersey,Nobles
hickory_twp_mn,Hickory,Pennington
higdem_twp_mn,Higdem,Polk
high-forest_twp_mn,High Forest,Olmsted
highland_twp_mn,Highland,Wabasha
highland-grove_twp_mn,Highland Grove,Clay
highlanding_twp_mn,Highlanding,Pennington
highwater_twp_mn,Highwater,Cottonwood
hill_twp_mn,Hill,Kittson
hill-lake_twp_mn,Hill Lake,Aitkin
hill-river_twp_mn,Hill River,Polk
hillman/kanabec_twp_mn,Hillman,Kanabec
hillman/morrison_twp_mn,Hillman,Morrison
hillsdale_twp_mn,Hillsdale,Winona
hinckley_twp_mn,Hinckley,Pine
hines_twp_mn,Hines,Beltrami
hiram_twp_mn,Hiram,Cass
hobart_twp_mn,Hobart,Otter Tail
hodges_twp_mn,Hodges,Stevens
hoff_twp_mn,Hoff,Pope
hokah_twp_mn,Hokah,Houston
holden_twp_mn,Holden,Goodhue
holding_twp_mn,Holding,Stearns
holland_twp_mn,Holland,Kandiyohi
holly_twp_mn,Holly,Murray
hollywood_twp_mn,Hollywood,Carver
holmes-city_twp_mn,Holmes City,Douglas
holmesville_twp_mn,Holmesville,Becker
holst_twp_mn,Holst,Clearwater
holt/fillmore_twp_mn,Holt,Fillmore
holt/marshall_twp_mn,Holt,Marshall
holy-cross_twp_mn,Holy Cross,Clay
holyoke_twp_mn,Holyoke,Carlton
home_twp_mn,Home,Brown
home-brook_twp_mn,Home Brook,Cass
home-lake_twp_mn,Home Lake,Norman
homer_twp_mn,Homer,Winona
homestead_twp_mn,Homestead,Otter Tail
honner_twp_mn,Honner,Redwood
hope_twp_mn,Hope,Lincoln
hornet_twp_mn,Hornet,Beltrami
horton_twp_mn,Horton,Stevens
houston_twp_mn,Houston,Houston
hubbard/hubbard_twp_mn,Hubbard,Hubbard
hubbard/polk_twp_mn,Hubbard,Polk
hudson_twp_mn,Hudson,Douglas
humboldt_twp_mn,Humboldt,Clay
hunter_twp_mn,Hunter,Jackson
huntersville_twp_mn,Huntersville,Wadena
huntly_twp_mn,Huntly,Marshall
huntsville_twp_mn,Huntsville,Polk
huss_twp_mn,Huss,Roseau
hutchinson_twp_mn,Hutchinson,McLeod
hyde-park_twp_mn,Hyde Park,Wabasha
ida_twp_mn,Ida,Douglas
ideal_twp_mn,Ideal,Crow Wing
idun_twp_mn,Idun,Aitkin
indian-lake_twp_mn,Indian Lake,Nobles
industrial_twp_mn,Industrial,St. Louis
inguadona_twp_mn,Inguadona,Cass
inman_twp_mn,Inman,Otter Tail
iona/murray_twp_mn,Iona,Murray
iona/todd_twp_mn,Iona,Todd
iosco_twp_mn,Iosco,Waseca
irondale_twp_mn,Irondale,Crow Wing
irving_twp_mn,Irving,Kandiyohi
isanti_twp_mn,Isanti,Isanti
island-lake/lyon_twp_mn,Island Lake,Lyon
island-lake/mahnomen_twp_mn,Island Lake,Mahnomen
isle-harbor_twp_mn,Isle Harbor,Mille Lacs
itasca_twp_mn,Itasca,Clearwater
jackson_twp_mn,Jackson,Scott
jadis_twp_mn,Jadis,Roseau
jamestown_twp_mn,Jamestown,Blue Earth
janesville_twp_mn,Janesville,Waseca
jay_twp_mn,Jay,Martin
jefferson_twp_mn,Jefferson,Houston
jenkins_twp_mn,Jenkins,Crow Wing
jessenland_twp_mn,Jessenland,Sibley
jevne_twp_mn,Jevne,Aitkin
jo-daviess_twp_mn,Jo Daviess,Faribault
johnson_twp_mn,Johnson,Polk
johnsonville_twp_mn,Johnsonville,Redwood
jones_twp_mn,Jones,Beltrami
jordan_twp_mn,Jordan,Fillmore
judson_twp_mn,Judson,Blue Earth
jupiter_twp_mn,Jupiter,Kittson
kabetogama_twp_mn,Kabetogama,St. Louis
kalevala_twp_mn,Kalevala,Carlton
kalmar_twp_mn,Kalmar,Olmsted
kanabec_twp_mn,Kanabec,Kanabec
kanaranzi_twp_mn,Kanaranzi,Rock
kandiyohi_twp_mn,Kandiyohi,Kandiyohi
kandota_twp_mn,Kandota,Todd
kasota_twp_mn,Kasota,Le Sueur
kathio_twp_mn,Kathio,Mille Lacs
keene_twp_mn,Keene,Clay
kego_twp_mn,Kego,Cass
kelliher_twp_mn,Kelliher,Beltrami
kelsey_twp_mn,Kelsey,St. Louis
kelso_twp_mn,Kelso,Sibley
kenyon_twp_mn,Kenyon,Goodhue
kerkhoven_twp_mn,Kerkhoven,Swift
kerrick_twp_mn,Kerrick,Pine
kertsonville_twp_mn,Kertsonville,Polk
kettle-river_twp_mn,Kettle River,Pine
keystone_twp_mn,Keystone,Polk
kiester_twp_mn,Kiester,Faribault
kildare_twp_mn,Kildare,Swift
kilkenny_twp_mn,Kilkenny,Le Sueur
kimball_twp_mn,Kimball,Jackson
kimberly_twp_mn,Kimberly,Aitkin
king_twp_mn,King,Polk
kinghurst_twp_mn,Kinghurst,Itasca
kingman_twp_mn,Kingman,Renville
kingston_twp_mn,Kingston,Meeker
kintire_twp_mn,Kintire,Redwood
knife-lake_twp_mn,Knife Lake,Kanabec
knute_twp_mn,Knute,Polk
kragero_twp_mn,Kragero,Chippewa
kragnes_twp_mn,Kragnes,Clay
krain_twp_mn,Krain,Stearns
kratka_twp_mn,Kratka,Pennington
kroschel_twp_mn,Kroschel,Kanabec
kugler_twp_mn,Kugler,St. Louis
kurtz_twp_mn,Kurtz,Clay
la-crescent_twp_mn,La Crescent,Houston
la-crosse_twp_mn,La Crosse,Jackson
la-garde_twp_mn,La Garde,Mahnomen
la-grand_twp_mn,La Grand,Douglas
la-prairie_twp_mn,La Prairie,Clearwater
lac-qui-parle_twp_mn,Lac Qui Parle,Lac qui Parle
lafayette_twp_mn,Lafayette,Nicollet
lake/roseau_twp_mn,Lake,Roseau
lake/wabasha_twp_mn,Lake,Wabasha
lake-alice_twp_mn,Lake Alice,Hubbard
lake-andrew_twp_mn,Lake Andrew,Kandiyohi
lake-belt_twp_mn,Lake Belt,Martin
lake-benton_twp_mn,Lake Benton,Lincoln
lake-edward_twp_mn,Lake Edward,Crow Wing
lake-elizabeth_twp_mn,Lake Elizabeth,Kandiyohi
lake-emma_twp_mn,Lake Emma,Hubbard
lake-eunice_twp_mn,Lake Eunice,Becker
lake-fremont_twp_mn,Lake Fremont,Martin
lake-george/hubbard_twp_mn,Lake George,Hubbard
lake-george/stearns_twp_mn,Lake George,Stearns
lake-grove_twp_mn,Lake Grove,Mahnomen
lake-hanska_twp_mn,Lake Hanska,Brown
lake-hattie_twp_mn,Lake Hattie,Hubbard
lake-henry_twp_mn,Lake Henry,Stearns
lake-ida_twp_mn,Lake Ida,Norman
lake-jessie_twp_mn,Lake Jessie,Itasca
lake-johanna_twp_mn,Lake Johanna,Pope
lake-lillian_twp_mn,Lake Lillian,Kandiyohi
lake-marshall_twp_mn,Lake Marshall,Lyon
lake-mary_twp_mn,Lake Mary,Douglas
lake-park_twp_mn,Lake Park,Becker
lake-pleasant_twp_mn,Lake Pleasant,Red Lake
lake-prairie_twp_mn,Lake Prairie,Nicollet
lake-sarah_twp_mn,Lake Sarah,Murray
lake-shore_twp_mn,Lake Shore,Lac qui Parle
lake-stay_twp_mn,Lake Stay,Lincoln
lake-valley_twp_mn,Lake Valley,Traverse
lake-view_twp_mn,Lake View,Becker
lakeport_twp_mn,Lakeport,Hubbard
lakeside/aitkin_twp_mn,Lakeside,Aitkin
lakeside/cottonwood_twp_mn,Lakeside,Cottonwood
laketown_twp_mn,Laketown,Carver
lakeview_twp_mn,Lakeview,Carlton
lakewood_twp_mn,Lakewood,St. Louis
lakin_twp_mn,Lakin,Morrison
lambert_twp_mn,Lambert,Red Lake
lamberton_twp_mn,Lamberton,Redwood
lammers_twp_mn,Lammers,Beltrami
land_twp_mn,Land,Grant
lanesburgh_twp_mn,Lanesburgh,Le Sueur
langhei_twp_mn,Langhei,Pope
langola_twp_mn,Langola,Benton
langor_twp_mn,Langor,Beltrami
lansing_twp_mn,Lansing,Mower
laona_twp_mn,Laona,Roseau
larkin_twp_mn,Larkin,Nobles
lavell_twp_mn,Lavell,St. Louis
lawrence/grant_twp_mn,Lawrence,Grant
lawrence/itasca_twp_mn,Lawrence,Itasca
le-ray_twp_mn,Le Ray,Blue Earth
le-roy_twp_mn,Le Roy,Mower
le-sauk_twp_mn,Le Sauk,Stearns
leaf-lake_twp_mn,Leaf Lake,Otter Tail
leaf-mountain_twp_mn,Leaf Mountain,Otter Tail
leaf-river_twp_mn,Leaf River,Wadena
leaf-valley_twp_mn,Leaf Valley,Douglas
leavenworth_twp_mn,Leavenworth,Brown
lee/aitkin_twp_mn,Lee,Aitkin
lee/beltrami_twp_mn,Lee,Beltrami
lee/norman_twp_mn,Lee,Norman
leech-lake_twp_mn,Leech Lake,Cass
leeds_twp_mn,Leeds,Murray
leenthrop_twp_mn,Leenthrop,Chippewa
leiding_twp_mn,Leiding,St. Louis
leigh_twp_mn,Leigh,Morrison
lemond_twp_mn,Lemond,Steele
lent_twp_mn,Lent,Chisago
leon/clearwater_twp_mn,Leon,Clearwater
leon/goodhue_twp_mn,Leon,Goodhue
leonardsville_twp_mn,Leonardsville,Traverse
leota_twp_mn,Leota,Nobles
leslie_twp_mn,Leslie,Todd
lessor_twp_mn,Lessor,Polk
leven_twp_mn,Leven,Pope
lewis_twp_mn,Lewis,Mille Lacs
lexington_twp_mn,Lexington,Le Sueur
libby_twp_mn,Libby,Aitkin
liberty/beltrami_twp_mn,Liberty,Beltrami
liberty/polk_twp_mn,Liberty,Polk
lida_twp_mn,Lida,Otter Tail
lien_twp_mn,Lien,Grant
lima_twp_mn,Lima,Cass
lime_twp_mn,Lime,Blue Earth
lime-lake_twp_mn,Lime Lake,Murray
limestone_twp_mn,Limestone,Lincoln
lincoln/blue-earth_twp_mn,Lincoln,Blue Earth
lincoln/marshall_twp_mn,Lincoln,Marshall
lind_twp_mn,Lind,Roseau
linden_twp_mn,Linden,Brown
linden-grove_twp_mn,Linden Grove,St. Louis
linsell_twp_mn,Linsell,Marshall
linwood_twp_mn,Linwood,Anoka
lisbon_twp_mn,Lisbon,Yellow Medicine
lismore_twp_mn,Lismore,Nobles
litchfield_twp_mn,Litchfield,Meeker
little-elbow_twp_mn,Little Elbow,Mahnomen
little-elk_twp_mn,Little Elk,Todd
little-falls_twp_mn,Little Falls,Morrison
little-pine_twp_mn,Little Pine,Crow Wing
little-rock_twp_mn,Little Rock,Nobles
little-sauk_twp_mn,Little Sauk,Todd
livonia_twp_mn,Livonia,Sherburne
lockhart_twp_mn,Lockhart,Norman
lodi_twp_mn,Lodi,Mower
logan/aitkin_twp_mn,Logan,Aitkin
logan/grant_twp_mn,Logan,Grant
london_twp_mn,London,Freeborn
lone-pine_twp_mn,Lone Pine,Itasca
lone-tree_twp_mn,Lone Tree,Chippewa
long-lake/crow-wing_twp_mn,Long Lake,Crow Wing
long-lake/watonwan_twp_mn,Long Lake,Watonwan
long-lost-lake_twp_mn,Long Lost Lake,Clearwater
long-prairie_twp_mn,Long Prairie,Todd
loon-lake_twp_mn,Loon Lake,Cass
lorain_twp_mn,Lorain,Nobles
louisville/red-lake_twp_mn,Louisville,Red Lake
louisville/scott_twp_mn,Louisville,Scott
louriston_twp_mn,Louriston,Chippewa
lowell_twp_mn,Lowell,Polk
lowville_twp_mn,Lowville,Murray
lucas_twp_mn,Lucas,Lyon
lund_twp_mn,Lund,Douglas
lura_twp_mn,Lura,Faribault
lutsen_twp_mn,Lutsen,Cook
luverne_twp_mn,Luverne,Rock
luxemburg_twp_mn,Luxemburg,Stearns
lyle_twp_mn,Lyle,Mower
lynd_twp_mn,Lynd,Lyon
lynden_twp_mn,Lynden,Stearns
lynn_twp_mn,Lynn,McLeod
lyons/lyon_twp_mn,Lyons,Lyon
lyons/wadena_twp_mn,Lyons,Wadena
lyra_twp_mn,Lyra,Blue Earth
macsville_twp_mn,Macsville,Grant
macville_twp_mn,Macville,Aitkin
madelia_twp_mn,Madelia,Watonwan
madison_twp_mn,Madison,Lac qui Parle
magnolia_twp_mn,Magnolia,Rock
mahtowa_twp_mn,Mahtowa,Carlton
maine_twp_mn,Maine,Otter Tail
maine-prairie_twp_mn,Maine Prairie,Stearns
malmo_twp_mn,Malmo,Aitkin
malta_twp_mn,Malta,Big Stone
malung_twp_mn,Malung,Roseau
mamre_twp_mn,Mamre,Kandiyohi
manannah_twp_mn,Manannah,Meeker
manchester_twp_mn,Manchester,Freeborn
mandt_twp_mn,Mandt,Chippewa
manfred_twp_mn,Manfred,Lac qui Parle
mankato_twp_mn,Mankato,Blue Earth
mansfield_twp_mn,Mansfield,Freeborn
manston_twp_mn,Manston,Wilkin
mantorville_twp_mn,Mantorville,Dodge
mantrap_twp_mn,Mantrap,Hubbard
manyaska_twp_mn,Manyaska,Martin
maple_twp_mn,Maple,Cass
maple-grove/becker_twp_mn,Maple Grove,Becker
maple-grove/crow-wing_twp_mn,Maple Grove,Crow Wing
maple-lake_twp_mn,Maple Lake,Wright
maple-ridge/beltrami_twp_mn,Maple Ridge,Beltrami
maple-ridge/isanti_twp_mn,Maple Ridge,Isanti
mapleton_twp_mn,Mapleton,Blue Earth
maplewood_twp_mn,Maplewood,Otter Tail
marble_twp_mn,Marble,Lincoln
marcell_twp_mn,Marcell,Itasca
marion_twp_mn,Marion,Olmsted
marsh-creek_twp_mn,Marsh Creek,Mahnomen
marsh-grove_twp_mn,Marsh Grove,Marshall
marshall_twp_mn,Marshall,Mower
marshan_twp_mn,Marshan,Dakota
marshfield_twp_mn,Marshfield,Lincoln
martin_twp_mn,Martin,Rock
martinsburg_twp_mn,Martinsburg,Renville
mary_twp_mn,Mary,Norman
marysland_twp_mn,Marysland,Swift
marysville_twp_mn,Marysville,Wright
mason_twp_mn,Mason,Murray
max_twp_mn,Max,Itasca
maxwell_twp_mn,Maxwell,Lac qui Parle
may/cass_twp_mn,May,Cass
may/washington_twp_mn,May,Washington
mayfield_twp_mn,Mayfield,Pennington
mayhew-lake_twp_mn,Mayhew Lake,Benton
mayville_twp_mn,Mayville,Houston
maywood_twp_mn,Maywood,Benton
mazeppa_twp_mn,Mazeppa,Wabasha
mccauleyville_twp_mn,McCauleyville,Wilkin
mccrea_twp_mn,McCrea,Marshall
mcdavitt_twp_mn,McDavitt,St. Louis
mcdonaldsville_twp_mn,McDonaldsville,Norman
mcgregor_twp_mn,McGregor,Aitkin
mckinley_twp_mn,McKinley,Cass
mcpherson_twp_mn,McPherson,Blue Earth
meadow_twp_mn,Meadow,Wadena
meadow-brook_twp_mn,Meadow Brook,Cass
meadowlands_twp_mn,Meadowlands,St. Louis
meadows_twp_mn,Meadows,Wilkin
medford_twp_mn,Medford,Steele
medo_twp_mn,Medo,Blue Earth
mehurin_twp_mn,Mehurin,Lac qui Parle
melrose_twp_mn,Melrose,Stearns
melville_twp_mn,Melville,Renville
meriden_twp_mn,Meriden,Steele
merton_twp_mn,Merton,Steele
mickinock_twp_mn,Mickinock,Roseau
middle-river_twp_mn,Middle River,Marshall
middletown_twp_mn,Middletown,Jackson
middleville_twp_mn,Middleville,Wright
midway/cottonwood_twp_mn,Midway,Cottonwood
midway/st-louis_twp_mn,Midway,St. Louis
milaca_twp_mn,Milaca,Mille Lacs
milford_twp_mn,Milford,Brown
millerville_twp_mn,Millerville,Douglas
millward_twp_mn,Millward,Aitkin
millwood_twp_mn,Millwood,Stearns
milo_twp_mn,Milo,Mille Lacs
milton_twp_mn,Milton,Dodge
miltona_twp_mn,Miltona,Douglas
minden_twp_mn,Minden,Benton
minerva_twp_mn,Minerva,Clearwater
minneiska_twp_mn,Minneiska,Wabasha
minneola_twp_mn,Minneola,Goodhue
minneota_twp_mn,Minneota,Jackson
minnesota-falls_twp_mn,Minnesota Falls,Yellow Medicine
minnesota-lake_twp_mn,Minnesota Lake,Faribault
minnewaska_twp_mn,Minnewaska,Pope
minnie_twp_mn,Minnie,Beltrami
mission_twp_mn,Mission,Crow Wing
mission-creek_twp_mn,Mission Creek,Pine
mitchell_twp_mn,Mitchell,Wilkin
moe_twp_mn,Moe,Douglas
moland_twp_mn,Moland,Clay
moltke_twp_mn,Moltke,Sibley
money-creek_twp_mn,Money Creek,Houston
monroe_twp_mn,Monroe,Lyon
monson_twp_mn,Monson,Traverse
montgomery_twp_mn,Montgomery,Le Sueur
monticello_twp_mn,Monticello,Wright
moonshine_twp_mn,Moonshine,Big Stone
moore_twp_mn,Moore,Stevens
moorhead_twp_mn,Moorhead,Clay
moose_twp_mn,Moose,Roseau
moose-creek_twp_mn,Moose Creek,Clearwater
moose-lake/beltrami_twp_mn,Moose Lake,Beltrami
moose-lake/carlton_twp_mn,Moose Lake,Carlton
moose-lake/cass_twp_mn,Moose Lake,Cass
moose-park_twp_mn,Moose Park,Itasca
moose-river_twp_mn,Moose River,Marshall
moran_twp_mn,Moran,Todd
moranville_twp_mn,Moranville,Roseau
morcom_twp_mn,Morcom,St. Louis
morgan_twp_mn,Morgan,Redwood
morken_twp_mn,Morken,Clay
morrill_twp_mn,Morrill,Morrison
morris_twp_mn,Morris,Stevens
morrison_twp_mn,Morrison,Aitkin
morristown_twp_mn,Morristown,Rice
morse/itasca_twp_mn,Morse,Itasca
morse/st-louis_twp_mn,Morse,St. Louis
moscow_twp_mn,Moscow,Freeborn
motley_twp_mn,Motley,Morrison
moulton_twp_mn,Moulton,Murray
mound_twp_mn,Mound,Rock
mound-prairie_twp_mn,Mound Prairie,Houston
mount-morris_twp_mn,Mount Morris,Morrison
mount-pleasant_twp_mn,Mount Pleasant,Wabasha
mount-vernon_twp_mn,Mount Vernon,Winona
mountain-lake_twp_mn,Mountain Lake,Cottonwood
moyer_twp_mn,Moyer,Swift
moylan_twp_mn,Moylan,Marshall
mudgett_twp_mn,Mudgett,Mille Lacs
mulligan_twp_mn,Mulligan,Brown
munch_twp_mn,Munch,Pine
munson_twp_mn,Munson,Stearns
murray_twp_mn,Murray,Murray
nashville_twp_mn,Nashville,Martin
nashwauk_twp_mn,Nashwauk,Itasca
nebish_twp_mn,Nebish,Beltrami
nelson_twp_mn,Nelson,Watonwan
nelson-park_twp_mn,Nelson Park,Marshall
nereson_twp_mn,Nereson,Roseau
nesbit_twp_mn,Nesbit,Polk
ness_twp_mn,Ness,St. Louis
nessel_twp_mn,Nessel,Chisago
nevada_twp_mn,Nevada,Mower
nevis_twp_mn,Nevis,Hubbard
new-auburn_twp_mn,New Auburn,Sibley
new-avon_twp_mn,New Avon,Redwood
new-dosey_twp_mn,New Dosey,Pine
new-folden_twp_mn,New Folden,Marshall
new-hartford_twp_mn,New Hartford,Winona
new-haven_twp_mn,New Haven,Olmsted
new-independence_twp_mn,New Independence,St. Louis
new-london_twp_mn,New London,Kandiyohi
new-maine_twp_mn,New Maine,Marshall
new-market_twp_mn,New Market,Scott
new-prairie_twp_mn,New Prairie,Pope
new-richland_twp_mn,New Richland,Waseca
new-solum_twp_mn,New Solum,Marshall
new-sweden_twp_mn,New Sweden,Nicollet
newburg_twp_mn,Newburg,Fillmore
newry_twp_mn,Newry,Freeborn
newton_twp_mn,Newton,Otter Tail
nickerson_twp_mn,Nickerson,Pine
nicollet_twp_mn,Nicollet,Nicollet
nidaros_twp_mn,Nidaros,Otter Tail
nilsen_twp_mn,Nilsen,Wilkin
nininger_twp_mn,Nininger,Dakota
nokay-lake_twp_mn,Nokay Lake,Crow Wing
nora/clearwater_twp_mn,Nora,Clearwater
nora/pope_twp_mn,Nora,Pope
norden_twp_mn,Norden,Pennington
nordick_twp_mn,Nordick,Wilkin
nordland/aitkin_twp_mn,Nordland,Aitkin
nordland/lyon_twp_mn,Nordland,Lyon
nore_twp_mn,Nore,Itasca
norfolk_twp_mn,Norfolk,Renville
norman/pine_twp_mn,Norman,Pine
norman/yellow-medicine_twp_mn,Norman,Yellow Medicine
normania_twp_mn,Normania,Yellow Medicine
normanna_twp_mn,Normanna,St. Louis
north_twp_mn,North,Pennington
north-branch_twp_mn,North Branch,Isanti
north-fork_twp_mn,North Fork,Stearns
north-germany_twp_mn,North Germany,Wadena
north-hero_twp_mn,North Hero,Redwood
north-ottawa_twp_mn,North Ottawa,Grant
north-star/brown_twp_mn,North Star,Brown
north-star/st-louis_twp_mn,North Star,St. Louis
northern_twp_mn,Northern,Beltrami
northfield_twp_mn,Northfield,Rice
northland/polk_twp_mn,Northland,Polk
northland/st-louis_twp_mn,Northland,St. Louis
norton_twp_mn,Norton,Winona
norway/fillmore_twp_mn,Norway,Fillmore
norway/kittson_twp_mn,Norway,Kittson
norway-lake_twp_mn,Norway Lake,Kandiyohi
norwegian-grove_twp_mn,Norwegian Grove,Otter Tail
numedal_twp_mn,Numedal,Pennington
nunda_twp_mn,Nunda,Freeborn
o'brien_twp_mn,O'Brien,Beltrami
oak_twp_mn,Oak,Stearns
oak-lawn_twp_mn,Oak Lawn,Crow Wing
oak-park_twp_mn,Oak Park,Marshall
oak-valley_twp_mn,Oak Valley,Otter Tail
oakland/freeborn_twp_mn,Oakland,Freeborn
oakland/mahnomen_twp_mn,Oakland,Mahnomen
oakport_twp_mn,Oakport,Clay
oakwood_twp_mn,Oakwood,Wabasha
odessa_twp_mn,Odessa,Big Stone
odin_twp_mn,Odin,Watonwan
ogema_twp_mn,Ogema,Pine
olney_twp_mn,Olney,Nobles
omro_twp_mn,Omro,Yellow Medicine
onamia_twp_mn,Onamia,Mille Lacs
onstad_twp_mn,Onstad,Polk
orange_twp_mn,Orange,Douglas
orion_twp_mn,Orion,Olmsted
oronoco_twp_mn,Oronoco,Olmsted
orrock_twp_mn,Orrock,Sherburne
orton_twp_mn,Orton,Wadena
ortonville_twp_mn,Ortonville,Big Stone
orwell_twp_mn,Orwell,Otter Tail
osage_twp_mn,Osage,Becker
osakis_twp_mn,Osakis,Douglas
osborne_twp_mn,Osborne,Pipestone
oscar_twp_mn,Oscar,Otter Tail
osceola_twp_mn,Osceola,Renville
oshawa_twp_mn,Oshawa,Nicollet
oshkosh_twp_mn,Oshkosh,Yellow Medicine
oteneagen_twp_mn,Oteneagen,Itasca
otisco_twp_mn,Otisco,Waseca
otrey_twp_mn,Otrey,Big Stone
ottawa_twp_mn,Ottawa,Le Sueur
otter-tail_twp_mn,Otter Tail,Otter Tail
otter-tail-peninsula_twp_mn,Otter Tail Peninsula,Cass
otto_twp_mn,Otto,Otter Tail
owatonna_twp_mn,Owatonna,Steele
owens_twp_mn,Owens,St. Louis
oxford_twp_mn,Oxford,Isanti
paddock_twp_mn,Paddock,Otter Tail
page_twp_mn,Page,Mille Lacs
palmer_twp_mn,Palmer,Sherburne
palmville_twp_mn,Palmville,Roseau
palmyra_twp_mn,Palmyra,Renville
park_twp_mn,Park,Pine
parke_twp_mn,Parke,Clay
parker/marshall_twp_mn,Parker,Marshall
parker/morrison_twp_mn,Parker,Morrison
parkers-prairie_twp_mn,Parkers Prairie,Otter Tail
parnell/polk_twp_mn,Parnell,Polk
parnell/traverse_twp_mn,Parnell,Traverse
partridge_twp_mn,Partridge,Pine
paxton_twp_mn,Paxton,Redwood
paynesville_twp_mn,Paynesville,Stearns
peace_twp_mn,Peace,Kanabec
pelan_twp_mn,Pelan,Kittson
pelican/crow-wing_twp_mn,Pelican,Crow Wing
pelican/otter-tail_twp_mn,Pelican,Otter Tail
pelican-lake_twp_mn,Pelican Lake,Grant
pembina_twp_mn,Pembina,Mahnomen
penn_twp_mn,Penn,McLeod
pepin_twp_mn,Pepin,Wabasha
pepperton_twp_mn,Pepperton,Stevens
pequaywan_twp_mn,Pequaywan,St. Louis
perch-lake_twp_mn,Perch Lake,Carlton
percy_twp_mn,Percy,Kittson
perham_twp_mn,Perham,Otter Tail
perry_twp_mn,Perry,Lac qui Parle
perry-lake_twp_mn,Perry Lake,Crow Wing
petersburg_twp_mn,Petersburg,Jackson
pickerel-lake_twp_mn,Pickerel Lake,Freeborn
pierz_twp_mn,Pierz,Morrison
pike_twp_mn,Pike,St. Louis
pike-bay_twp_mn,Pike Bay,Cass
pike-creek_twp_mn,Pike Creek,Morrison
pillsbury_twp_mn,Pillsbury,Swift
pilot-grove_twp_mn,Pilot Grove,Faribault
pilot-mound_twp_mn,Pilot Mound,Fillmore
pine-city_twp_mn,Pine City,Pine
pine-island_twp_mn,Pine Island,Goodhue
pine-lake/cass_twp_mn,Pine Lake,Cass
pine-lake/clearwater_twp_mn,Pine Lake,Clearwater
pine-lake/otter-tail_twp_mn,Pine Lake,Otter Tail
pine-lake/pine_twp_mn,Pine Lake,Pine
pine-point_twp_mn,Pine Point,Becker
pine-river_twp_mn,Pine River,Cass
plainview_twp_mn,Plainview,Wabasha
platte_twp_mn,Platte,Morrison
platte-lake_twp_mn,Platte Lake,Crow Wing
pleasant-grove_twp_mn,Pleasant Grove,Olmsted
pleasant-hill_twp_mn,Pleasant Hill,Winona
pleasant-mound_twp_mn,Pleasant Mound,Blue Earth
pleasant-prairie_twp_mn,Pleasant Prairie,Martin
pleasant-valley_twp_mn,Pleasant Valley,Mower
pleasant-view_twp_mn,Pleasant View,Norman
pliny_twp_mn,Pliny,Aitkin
pohlitz_twp_mn,Pohlitz,Roseau
pokegama_twp_mn,Pokegama,Pine
polk-centre_twp_mn,Polk Centre,Pennington
polonia_twp_mn,Polonia,Roseau
pomme-de-terre_twp_mn,Pomme de Terre,Grant
pomroy/itasca_twp_mn,Pomroy,Itasca
pomroy/kanabec_twp_mn,Pomroy,Kanabec
ponto-lake_twp_mn,Ponto Lake,Cass
poplar_twp_mn,Poplar,Cass
poplar-grove_twp_mn,Poplar Grove,Roseau
poplar-river_twp_mn,Poplar River,Red Lake
popple_twp_mn,Popple,Clearwater
popple-grove_twp_mn,Popple Grove,Mahnomen
poppleton_twp_mn,Poppleton,Kittson
port-hope_twp_mn,Port Hope,Beltrami
portage_twp_mn,Portage,St. Louis
posen_twp_mn,Posen,Yellow Medicine
powers_twp_mn,Powers,Cass
prairie-lake_twp_mn,Prairie Lake,St. Louis
prairie-view_twp_mn,Prairie View,Wilkin
prairieville_twp_mn,Prairieville,Brown
preble_twp_mn,Preble,Fillmore
prescott_twp_mn,Prescott,Faribault
preston_twp_mn,Preston,Fillmore
preston-lake_twp_mn,Preston Lake,Renville
princeton_twp_mn,Princeton,Mille Lacs
prior_twp_mn,Prior,Big Stone
providence_twp_mn,Providence,Lac qui Parle
pulaski_twp_mn,Pulaski,Morrison
queen_twp_mn,Queen,Polk
quincy_twp_mn,Quincy,Olmsted
quiring_twp_mn,Quiring,Beltrami
rabbit-lake_twp_mn,Rabbit Lake,Crow Wing
racine_twp_mn,Racine,Mower
randolph_twp_mn,Randolph,Dakota
ransom_twp_mn,Ransom,Nobles
rapidan_twp_mn,Rapidan,Blue Earth
ravenna_twp_mn,Ravenna,Dakota
raymond_twp_mn,Raymond,Stearns
red-eye_twp_mn,Red Eye,Wadena
red-lake-falls_twp_mn,Red Lake Falls,Red Lake
red-rock_twp_mn,Red Rock,Mower
redpath_twp_mn,Redpath,Traverse
redwood-falls_twp_mn,Redwood Falls,Redwood
reine_twp_mn,Reine,Roseau
reiner_twp_mn,Reiner,Pennington
reis_twp_mn,Reis,Polk
remer_twp_mn,Remer,Cass
rendsville_twp_mn,Rendsville,Stevens
reno_twp_mn,Reno,Pope
reynolds_twp_mn,Reynolds,Todd
rheiderland_twp_mn,Rheiderland,Chippewa
rhinehart_twp_mn,Rhinehart,Polk
rice_twp_mn,Rice,Clearwater
rice-river_twp_mn,Rice River,Aitkin
riceland_twp_mn,Riceland,Freeborn
riceville_twp_mn,Riceville,Becker
rich-valley_twp_mn,Rich Valley,McLeod
richardson_twp_mn,Richardson,Morrison
richardville_twp_mn,Richardville,Kittson
richland_twp_mn,Richland,Rice
richmond_twp_mn,Richmond,Winona
richwood_twp_mn,Richwood,Becker
ridgely_twp_mn,Ridgely,Nicollet
ripley/dodge_twp_mn,Ripley,Dodge
ripley/morrison_twp_mn,Ripley,Morrison
river_twp_mn,River,Red Lake
river-falls_twp_mn,River Falls,Pennington
riverdale_twp_mn,Riverdale,Watonwan
riverside_twp_mn,Riverside,Lac qui Parle
riverton_twp_mn,Riverton,Clay
roberts_twp_mn,Roberts,Wilkin
rochester_twp_mn,Rochester,Olmsted
rock_twp_mn,Rock,Pipestone
rock-dell_twp_mn,Rock Dell,Olmsted
rock-lake_twp_mn,Rock Lake,Lyon
rockford_twp_mn,Rockford,Wright
rocksbury_twp_mn,Rocksbury,Pennington
rockwell_twp_mn,Rockwell,Norman
rockwood/hubbard_twp_mn,Rockwood,Hubbard
rockwood/wadena_twp_mn,Rockwood,Wadena
rogers_twp_mn,Rogers,Cass
rolling-forks_twp_mn,Rolling Forks,Pope
rolling-green_twp_mn,Rolling Green,Martin
rollingstone_twp_mn,Rollingstone,Winona
rollis_twp_mn,Rollis,Marshall
rome_twp_mn,Rome,Faribault
roome_twp_mn,Roome,Polk
roosevelt/beltrami_twp_mn,Roosevelt,Beltrami
roosevelt/crow-wing_twp_mn,Roosevelt,Crow Wing
roscoe_twp_mn,Roscoe,Goodhue
rose-dell_twp_mn,Rose Dell,Rock
rose-hill_twp_mn,Rose Hill,Cottonwood
rosebud_twp_mn,Rosebud,Polk
rosedale_twp_mn,Rosedale,Mahnomen
roseland_twp_mn,Roseland,Kandiyohi
rosendale_twp_mn,Rosendale,Watonwan
roseville/grant_twp_mn,Roseville,Grant
roseville/kandiyohi_twp_mn,Roseville,Kandiyohi
rosewood_twp_mn,Rosewood,Chippewa
rosing_twp_mn,Rosing,Morrison
ross_twp_mn,Ross,Roseau
ross-lake_twp_mn,Ross Lake,Crow Wing
rost_twp_mn,Rost,Jackson
round-grove_twp_mn,Round Grove,McLeod
round-lake/becker_twp_mn,Round Lake,Becker
round-lake/jackson_twp_mn,Round Lake,Jackson
round-prairie_twp_mn,Round Prairie,Todd
royal_twp_mn,Royal,Lincoln
royalton_twp_mn,Royalton,Pine
runeberg_twp_mn,Runeberg,Becker
rush-lake_twp_mn,Rush Lake,Otter Tail
rushseba_twp_mn,Rushseba,Chisago
russia_twp_mn,Russia,Polk
rutland_twp_mn,Rutland,Martin
sacred-heart_twp_mn,Sacred Heart,Renville
sago_twp_mn,Sago,Itasca
saint-charles_twp_mn,Saint Charles,Winona
saint-george_twp_mn,Saint George,Benton
saint-james_twp_mn,Saint James,Watonwan
saint-johns_twp_mn,Saint Johns,Kandiyohi
saint-joseph/kittson_twp_mn,Saint Joseph,Kittson
saint-joseph/stearns_twp_mn,Saint Joseph,Stearns
saint-lawrence_twp_mn,Saint Lawrence,Scott
saint-martin_twp_mn,Saint Martin,Stearns
saint-mary_twp_mn,Saint Mary,Waseca
saint-mathias_twp_mn,Saint Mathias,Crow Wing
saint-olaf_twp_mn,Saint Olaf,Otter Tail
saint-vincent_twp_mn,Saint Vincent,Kittson
saint-wendel_twp_mn,Saint Wendel,Stearns
salem/cass_twp_mn,Salem,Cass
salem/olmsted_twp_mn,Salem,Olmsted
salo_twp_mn,Salo,Aitkin
san-francisco_twp_mn,San Francisco,Carver
sand-creek_twp_mn,Sand Creek,Scott
sand-lake_twp_mn,Sand Lake,Itasca
sanders_twp_mn,Sanders,Pennington
sandnes_twp_mn,Sandnes,Yellow Medicine
sandstone_twp_mn,Sandstone,Pine
sandsville_twp_mn,Sandsville,Polk
sandy_twp_mn,Sandy,St. Louis
sanford_twp_mn,Sanford,Grant
santiago_twp_mn,Santiago,Sherburne
saratoga_twp_mn,Saratoga,Winona
sargeant_twp_mn,Sargeant,Mower
sauk-centre_twp_mn,Sauk Centre,Stearns
sauk-rapids_twp_mn,Sauk Rapids,Benton
savannah_twp_mn,Savannah,Becker
scambler_twp_mn,Scambler,Otter Tail
scandia_twp_mn,Scandia,Polk
scandia-valley_twp_mn,Scandia Valley,Morrison
schoolcraft_twp_mn,Schoolcraft,Hubbard
schroeder_twp_mn,Schroeder,Cook
sciota_twp_mn,Sciota,Dakota
scott_twp_mn,Scott,Stevens
seavey_twp_mn,Seavey,Aitkin
seely_twp_mn,Seely,Faribault
selma_twp_mn,Selma,Cottonwood
severance_twp_mn,Severance,Sibley
seward_twp_mn,Seward,Nobles
shafer_twp_mn,Shafer,Chisago
shamrock_twp_mn,Shamrock,Aitkin
shaokatan_twp_mn,Shaokatan,Lincoln
sharon_twp_mn,Sharon,Le Sueur
shelburne_twp_mn,Shelburne,Lyon
shelby_twp_mn,Shelby,Blue Earth
sheldon_twp_mn,Sheldon,Houston
shell-lake_twp_mn,Shell Lake,Becker
shell-river_twp_mn,Shell River,Wadena
shell-rock_twp_mn,Shell Rock,Freeborn
shelly_twp_mn,Shelly,Norman
sheridan_twp_mn,Sheridan,Redwood
sherman_twp_mn,Sherman,Redwood
shetek_twp_mn,Shetek,Murray
shevlin_twp_mn,Shevlin,Clearwater
shible_twp_mn,Shible,Swift
shieldsville_twp_mn,Shieldsville,Rice
shingobee_twp_mn,Shingobee,Cass
shooks_twp_mn,Shooks,Beltrami
shotley_twp_mn,Shotley,Beltrami
sibley_twp_mn,Sibley,Sibley
sigel_twp_mn,Sigel,Brown
silver_twp_mn,Silver,Carlton
silver-brook_twp_mn,Silver Brook,Carlton
silver-creek/lake_twp_mn,Silver Creek,Lake
silver-creek/wright_twp_mn,Silver Creek,Wright
silver-lake_twp_mn,Silver Lake,Martin
silver-leaf_twp_mn,Silver Leaf,Becker
silverton_twp_mn,Silverton,Pennington
sinclair_twp_mn,Sinclair,Clearwater
sinnott_twp_mn,Sinnott,Marshall
sioux-agency_twp_mn,Sioux Agency,Yellow Medicine
sioux-valley_twp_mn,Sioux Valley,Jackson
six-mile-grove_twp_mn,Six Mile Grove,Swift
skagen_twp_mn,Skagen,Roseau
skandia_twp_mn,Skandia,Murray
skane_twp_mn,Skane,Kittson
skelton_twp_mn,Skelton,Carlton
skree_twp_mn,Skree,Clay
slater_twp_mn,Slater,Cass
slayton_twp_mn,Slayton,Murray
sletten_twp_mn,Sletten,Polk
smiley_twp_mn,Smiley,Pennington
smoky-hollow_twp_mn,Smoky Hollow,Cass
sodus_twp_mn,Sodus,Lyon
solem_twp_mn,Solem,Douglas
soler_twp_mn,Soler,Roseau
solway_twp_mn,Solway,St. Louis
somerset_twp_mn,Somerset,Steele
south-bend_twp_mn,South Bend,Blue Earth
south-branch_twp_mn,South Branch,Watonwan
south-fork_twp_mn,South Fork,Kanabec
south-harbor_twp_mn,South Harbor,Mille Lacs
south-red-river_twp_mn,South Red River,Kittson
southbrook_twp_mn,Southbrook,Cottonwood
southside_twp_mn,Southside,Wright
spalding_twp_mn,Spalding,Aitkin
spang_twp_mn,Spang,Itasca
sparta_twp_mn,Sparta,Chippewa
spencer_twp_mn,Spencer,Aitkin
spencer-brook_twp_mn,Spencer Brook,Isanti
split-rock_twp_mn,Split Rock,Carlton
splithand_twp_mn,Splithand,Itasca
spring-brook_twp_mn,Spring Brook,Kittson
spring-creek/becker_twp_mn,Spring Creek,Becker
spring-creek/norman_twp_mn,Spring Creek,Norman
spring-grove_twp_mn,Spring Grove,Houston
spring-hill_twp_mn,Spring Hill,Stearns
spring-lake_twp_mn,Spring Lake,Scott
spring-prairie_twp_mn,Spring Prairie,Clay
spring-valley_twp_mn,Spring Valley,Fillmore
springdale_twp_mn,Springdale,Redwood
springfield_twp_mn,Springfield,Cottonwood
springvale_twp_mn,Springvale,Isanti
springwater_twp_mn,Springwater,Rock
spruce_twp_mn,Spruce,Roseau
spruce-grove/becker_twp_mn,Spruce Grove,Becker
spruce-grove/beltrami_twp_mn,Spruce Grove,Beltrami
spruce-hill_twp_mn,Spruce Hill,Douglas
spruce-valley_twp_mn,Spruce Valley,Marshall
stafford_twp_mn,Stafford,Roseau
stanchfield_twp_mn,Stanchfield,Isanti
stanford_twp_mn,Stanford,Isanti
stanley_twp_mn,Stanley,Lyon
stanton_twp_mn,Stanton,Goodhue
staples_twp_mn,Staples,Todd
star_twp_mn,Star,Pennington
star-lake_twp_mn,Star Lake,Otter Tail
stark_twp_mn,Stark,Brown
stately_twp_mn,Stately,Brown
steamboat-river_twp_mn,Steamboat River,Hubbard
steenerson_twp_mn,Steenerson,Beltrami
sterling_twp_mn,Sterling,Blue Earth
stevens_twp_mn,Stevens,Stevens
stillwater_twp_mn,Stillwater,Washington
stockholm_twp_mn,Stockholm,Wright
stokes/itasca_twp_mn,Stokes,Itasca
stokes/roseau_twp_mn,Stokes,Roseau
stoneham_twp_mn,Stoneham,Chippewa
stoney-brook_twp_mn,Stoney Brook,St. Louis
stony-brook_twp_mn,Stony Brook,Grant
stony-river_twp_mn,Stony River,Lake
stony-run_twp_mn,Stony Run,Yellow Medicine
storden_twp_mn,Storden,Cottonwood
stowe-prairie_twp_mn,Stowe Prairie,Todd
straight-river_twp_mn,Straight River,Hubbard
strand_twp_mn,Strand,Norman
sturgeon_twp_mn,Sturgeon,St. Louis
sturgeon-lake_twp_mn,Sturgeon Lake,Pine
sugar-bush/becker_twp_mn,Sugar Bush,Becker
sugar-bush/beltrami_twp_mn,Sugar Bush,Beltrami
sullivan_twp_mn,Sullivan,Polk
summit/beltrami_twp_mn,Summit,Beltrami
summit/steele_twp_mn,Summit,Steele
summit-lake_twp_mn,Summit Lake,Nobles
sumner_twp_mn,Sumner,Fillmore
sumter_twp_mn,Sumter,McLeod
sundal_twp_mn,Sundal,Norman
sundown_twp_mn,Sundown,Redwood
sunnyside_twp_mn,Sunnyside,Wilkin
sunrise_twp_mn,Sunrise,Chisago
svea_twp_mn,Svea,Kittson
sverdrup_twp_mn,Sverdrup,Otter Tail
swan-lake_twp_mn,Swan Lake,Stevens
swan-river_twp_mn,Swan River,Morrison
swanville_twp_mn,Swanville,Morrison
swede-grove_twp_mn,Swede Grove,Meeker
swede-prairie_twp_mn,Swede Prairie,Yellow Medicine
swedes-forest_twp_mn,Swedes Forest,Redwood
sweet_twp_mn,Sweet,Pipestone
swenoda_twp_mn,Swenoda,Swift
sylvan_twp_mn,Sylvan,Cass
synnes_twp_mn,Synnes,Stevens
tabor_twp_mn,Tabor,Polk
tamarac_twp_mn,Tamarac,Marshall
tanberg_twp_mn,Tanberg,Wilkin
tansem_twp_mn,Tansem,Clay
tara/swift_twp_mn,Tara,Swift
tara/traverse_twp_mn,Tara,Traverse
taylor/beltrami_twp_mn,Taylor,Beltrami
taylor/traverse_twp_mn,Taylor,Traverse
tegner_twp_mn,Tegner,Kittson
teien_twp_mn,Teien,Kittson
ten-lake_twp_mn,Ten Lake,Beltrami
ten-mile-lake_twp_mn,Ten Mile Lake,Lac qui Parle
tenhassen_twp_mn,Tenhassen,Martin
terrebonne_twp_mn,Terrebonne,Red Lake
thief-lake_twp_mn,Thief Lake,Marshall
third-river_twp_mn,Third River,Itasca
thomastown_twp_mn,Thomastown,Wadena
thompson_twp_mn,Thompson,Kittson
thomson_twp_mn,Thomson,Carlton
thorpe_twp_mn,Thorpe,Hubbard
three-lakes_twp_mn,Three Lakes,Redwood
thunder-lake_twp_mn,Thunder Lake,Cass
timothy_twp_mn,Timothy,Crow Wing
tintah_twp_mn,Tintah,Traverse
toad-lake_twp_mn,Toad Lake,Becker
todd_twp_mn,Todd,Hubbard
tofte_twp_mn,Tofte,Cook
toivola_twp_mn,Toivola,St. Louis
toqua_twp_mn,Toqua,Big Stone
tordenskjold_twp_mn,Tordenskjold,Otter Tail
torning_twp_mn,Torning,Swift
torrey_twp_mn,Torrey,Cass
transit_twp_mn,Transit,Sibley
traverse_twp_mn,Traverse,Nicollet
trelipe_twp_mn,Trelipe,Cass
trondhjem_twp_mn,Trondhjem,Otter Tail
trout-lake_twp_mn,Trout Lake,Itasca
troy/pipestone_twp_mn,Troy,Pipestone
troy/renville_twp_mn,Troy,Renville
tumuli_twp_mn,Tumuli,Otter Tail
tunsberg_twp_mn,Tunsberg,Chippewa
turner_twp_mn,Turner,Aitkin
turtle-creek_twp_mn,Turtle Creek,Todd
turtle-lake/beltrami_twp_mn,Turtle Lake,Beltrami
turtle-lake/cass_twp_mn,Turtle Lake,Cass
turtle-river_twp_mn,Turtle River,Beltrami
twin-lakes/carlton_twp_mn,Twin Lakes,Carlton
twin-lakes/mahnomen_twp_mn,Twin Lakes,Mahnomen
two-inlets_twp_mn,Two Inlets,Becker
two-rivers_twp_mn,Two Rivers,Morrison
tynsid_twp_mn,Tynsid,Polk
tyro_twp_mn,Tyro,Yellow Medicine
tyrone_twp_mn,Tyrone,Le Sueur
udolpho_twp_mn,Udolpho,Mower
ulen_twp_mn,Ulen,Clay
underwood_twp_mn,Underwood,Redwood
union_twp_mn,Union,Houston
union-grove_twp_mn,Union Grove,Meeker
urness_twp_mn,Urness,Douglas
utica_twp_mn,Utica,Winona
vail_twp_mn,Vail,Redwood
vallers_twp_mn,Vallers,Lyon
valley_twp_mn,Valley,Marshall
van-buren_twp_mn,Van Buren,St. Louis
vasa_twp_mn,Vasa,Goodhue
vega_twp_mn,Vega,Marshall
veldt_twp_mn,Veldt,Marshall
verdi_twp_mn,Verdi,Lincoln
verdon_twp_mn,Verdon,Aitkin
vermilion-lake_twp_mn,Vermilion Lake,St. Louis
vermillion_twp_mn,Vermillion,Dakota
vernon_twp_mn,Vernon,Dodge
vernon-center_twp_mn,Vernon Center,Blue Earth
verona_twp_mn,Verona,Faribault
vesta_twp_mn,Vesta,Redwood
victor_twp_mn,Victor,Wright
viding_twp_mn,Viding,Clay
vienna_twp_mn,Vienna,Rock
viking_twp_mn,Viking,Marshall
villard_twp_mn,Villard,Todd
vineland_twp_mn,Vineland,Polk
viola_twp_mn,Viola,Olmsted
vivian_twp_mn,Vivian,Waseca
waasa_twp_mn,Waasa,St. Louis
wabana_twp_mn,Wabana,Itasca
wabedo_twp_mn,Wabedo,Cass
waconia_twp_mn,Waconia,Carver
wacouta_twp_mn,Wacouta,Goodhue
wadena_twp_mn,Wadena,Wadena
wagner_twp_mn,Wagner,Aitkin
wakefield_twp_mn,Wakefield,Stearns
walcott_twp_mn,Walcott,Rice
walden/cass_twp_mn,Walden,Cass
walden/pope_twp_mn,Walden,Pope
walls_twp_mn,Walls,Traverse
walnut-lake_twp_mn,Walnut Lake,Faribault
walter_twp_mn,Walter,Lac qui Parle
waltham_twp_mn,Waltham,Mower
walworth_twp_mn,Walworth,Becker
wanamingo_twp_mn,Wanamingo,Goodhue
wang_twp_mn,Wang,Renville
wanger_twp_mn,Wanger,Marshall
ward_twp_mn,Ward,Todd
warren_twp_mn,Warren,Winona
warrenton_twp_mn,Warrenton,Marshall
warsaw/goodhue_twp_mn,Warsaw,Goodhue
warsaw/rice_twp_mn,Warsaw,Rice
washington_twp_mn,Washington,Le Sueur
washington-lake_twp_mn,Washington Lake,Sibley
wasioja_twp_mn,Wasioja,Dodge
waskish_twp_mn,Waskish,Beltrami
watab_twp_mn,Watab,Benton
waterbury_twp_mn,Waterbury,Redwood
waterford_twp_mn,Waterford,Dakota
watertown_twp_mn,Watertown,Carver
waterville_twp_mn,Waterville,Le Sueur
watopa_twp_mn,Watopa,Wabasha
waukenabo_twp_mn,Waukenabo,Aitkin
waukon_twp_mn,Waukon,Norman
waverly_twp_mn,Waverly,Martin
wawina_twp_mn,Wawina,Itasca
wealthwood_twp_mn,Wealthwood,Aitkin
webster_twp_mn,Webster,Rice
weimer_twp_mn,Weimer,Jackson
welch_twp_mn,Welch,Goodhue
wellington_twp_mn,Wellington,Renville
wells_twp_mn,Wells,Rice
wergeland_twp_mn,Wergeland,Yellow Medicine
west-albany_twp_mn,West Albany,Wabasha
west-bank_twp_mn,West Bank,Swift
west-heron-lake_twp_mn,West Heron Lake,Jackson
west-lakeland_twp_mn,West Lakeland,Washington
west-newton_twp_mn,West Newton,Nicollet
west-union_twp_mn,West Union,Todd
west-valley_twp_mn,West Valley,Marshall
westbrook_twp_mn,Westbrook,Cottonwood
westerheim_twp_mn,Westerheim,Lyon
western_twp_mn,Western,Otter Tail
westford_twp_mn,Westford,Martin
westline_twp_mn,Westline,Redwood
westport_twp_mn,Westport,Pope
westside_twp_mn,Westside,Nobles
wheatland_twp_mn,Wheatland,Rice
wheeling_twp_mn,Wheeling,Rice
white_twp_mn,White,St. Louis
white-bear_twp_mn,White Bear,Ramsey
white-bear-lake_twp_mn,White Bear Lake,Pope
white-earth_twp_mn,White Earth,Becker
white-oak_twp_mn,White Oak,Hubbard
white-pine_twp_mn,White Pine,Aitkin
whited_twp_mn,Whited,Kanabec
whitefield_twp_mn,Whitefield,Kandiyohi
whiteford_twp_mn,Whiteford,Marshall
whitewater_twp_mn,Whitewater,Winona
wild-rice_twp_mn,Wild Rice,Norman
wildwood_twp_mn,Wildwood,Itasca
wilkinson_twp_mn,Wilkinson,Cass
williams_twp_mn,Williams,Aitkin
willmar_twp_mn,Willmar,Kandiyohi
willow-lake_twp_mn,Willow Lake,Redwood
willow-valley_twp_mn,Willow Valley,St. Louis
wilma_twp_mn,Wilma,Pine
wilmington_twp_mn,Wilmington,Houston
wilmont_twp_mn,Wilmont,Nobles
wilson/cass_twp_mn,Wilson,Cass
wilson/winona_twp_mn,Wilson,Winona
wilton_twp_mn,Wilton,Waseca
winchester_twp_mn,Winchester,Norman
windemere_twp_mn,Windemere,Pine
windom_twp_mn,Windom,Mower
windsor_twp_mn,Windsor,Traverse
winfield_twp_mn,Winfield,Renville
wing-river_twp_mn,Wing River,Wadena
winger_twp_mn,Winger,Polk
winnebago_twp_mn,Winnebago,Houston
winnebago-city_twp_mn,Winnebago City,Faribault
winsor_twp_mn,Winsor,Clearwater
winsted_twp_mn,Winsted,McLeod
wirt_twp_mn,Wirt,Itasca
wisconsin_twp_mn,Wisconsin,Jackson
wiscoy_twp_mn,Wiscoy,Winona
wolf-lake_twp_mn,Wolf Lake,Becker
wolford_twp_mn,Wolford,Crow Wing
wolverton_twp_mn,Wolverton,Wilkin
wood-lake_twp_mn,Wood Lake,Yellow Medicine
woodland_twp_mn,Woodland,Wright
woodrow/beltrami_twp_mn,Woodrow,Beltrami
woodrow/cass_twp_mn,Woodrow,Cass
woods_twp_mn,Woods,Chippewa
woodside/otter-tail_twp_mn,Woodside,Otter Tail
woodside/polk_twp_mn,Woodside,Polk
woodville_twp_mn,Woodville,Waseca
workman_twp_mn,Workman,Aitkin
worthington_twp_mn,Worthington,Nobles
wrenshall_twp_mn,Wrenshall,Carlton
wright_twp_mn,Wright,Marshall
wuori_twp_mn,Wuori,St. Louis
wyandotte_twp_mn,Wyandotte,Pennington
wyanett_twp_mn,Wyanett,Isanti
wykeham_twp_mn,Wykeham,Todd
wylie_twp_mn,Wylie,Red Lake
yellow-bank_twp_mn,Yellow Bank,Lac qui Parle
york_twp_mn,York,Fillmore
young-america_twp_mn,Young America,Carver
yucatan_twp_mn,Yucatan,Houston
zion_twp_mn,Zion,Stearns
zumbro_twp_mn,Zumbro,Wabasha
zumbrota_twp_mn,Zumbrota,Goodhue
westfield_twp_mn,Westfield,Dodge